device,dataset,lang,tld,trial,ipaddress,word,duration
echo,common,en,co.uk,1,192.168.137.14,hey_alexa,6.8411359786987305
echo,common,en,co.uk,1,192.168.137.14,hey_alexa,6.921999931335449
echo,common,en,co.uk,1,192.168.137.14,hey_alexa,7.00218939781189
echo,common,en,co.uk,1,192.168.137.14,hey_alexa,6.841275453567505
echo,common,en,co.uk,1,192.168.137.14,hey_alexa,7.082714080810547
echo,common,en,co.uk,1,192.168.137.14,hey_alexa,6.921705961227417
echo,common,en,co.uk,1,192.168.137.14,hey_alexa,6.921304225921631
echo,common,en,co.uk,1,192.168.137.14,hey_alexa,6.680502891540527
echo,common,en,co.uk,1,192.168.137.14,hey_alexa,7.082680940628052
echo,common,en,co.uk,1,192.168.137.14,hey_alexa,6.921762704849243
echo,common,en,co.uk,1,192.168.137.14,hey_alexa,7.163012504577637
echo,common,en,co.uk,1,192.168.137.14,hey_alexa,6.841109037399292
echo,common,en,co.uk,1,192.168.137.14,hey_alexa,7.163621425628662
echo,common,en,co.uk,1,192.168.137.14,hey_alexa,6.921693563461304
echo,common,en,co.uk,1,192.168.137.14,hey_alexa,6.921605110168457
echo,common,en,co.uk,1,192.168.137.14,hey_alexa,7.323472738265991
echo,common,en,co.uk,1,192.168.137.14,hey_alexa,7.243257999420166
echo,common,en,co.uk,1,192.168.137.14,hey_alexa,6.680143356323242
echo,common,en,co.uk,1,192.168.137.14,hey_alexa,7.082528114318848
echo,common,en,co.uk,1,192.168.137.14,hey_alexa,6.680002212524414
echo,common,en,co.uk,1,192.168.137.14,hey_alexa,1.7705936431884761
echo,common,en,co.uk,1,192.168.137.14,hey_alexa,1.850900650024414
echo,common,en,co.uk,1,192.168.137.14,hey_alexa,7.002202987670898
echo,common,en,co.uk,1,192.168.137.14,hey_alexa,7.00215482711792
echo,common,en,co.uk,1,192.168.137.14,hey_alexa,6.358264207839966
echo,common,en,co.uk,1,192.168.137.14,hey_alexa,6.760680913925171
echo,common,en,co.uk,1,192.168.137.14,hey_alexa,6.277857065200806
echo,common,en,co.uk,1,192.168.137.14,hey_alexa,7.002480745315552
echo,common,en,co.uk,1,192.168.137.14,hey_alexa,6.841286659240723
echo,common,en,co.uk,1,192.168.137.14,hey_alexa,6.921795129776001
echo,common,en,co.uk,1,192.168.137.14,hey_alexa,6.841337442398071
echo,common,en,co.uk,1,192.168.137.14,hey_alexa,14.245638847351074
echo,common,en,co.uk,1,192.168.137.14,hey_alexa,7.1632325649261475
echo,common,en,co.uk,1,192.168.137.14,hey_alexa,6.921767473220825
echo,common,en,co.uk,1,192.168.137.14,hey_alexa,7.163152933120727
echo,common,en,co.uk,1,192.168.137.14,hey_alexa,6.921497583389282
echo,common,en,co.uk,1,192.168.137.14,hey_alexa,2.575373411178589
echo,common,en,co.uk,1,192.168.137.14,hey_alexa,7.163220882415771
echo,common,en,co.uk,1,192.168.137.14,hey_alexa,7.404621601104736
echo,common,en,co.uk,1,192.168.137.14,hey_alexa,6.921794652938843
echo,common,en,co.uk,1,192.168.137.14,hey_alexa,6.84119987487793
echo,common,en,co.uk,1,192.168.137.14,hey_alexa,6.84093165397644
echo,common,en,co.uk,1,192.168.137.14,hey_alexa,6.438422918319702
echo,common,en,co.uk,1,192.168.137.14,hey_alexa,6.599557399749756
echo,common,en,co.uk,1,192.168.137.14,hey_alexa,6.921671152114868
echo,common,en,co.uk,1,192.168.137.14,hey_alexa,6.760577917098999
echo,common,en,co.uk,1,192.168.137.14,hey_alexa,7.002162218093872
echo,common,en,co.uk,1,192.168.137.14,hey_alexa,6.841161489486694
echo,common,en,co.uk,1,192.168.137.14,hey_alexa,7.163196325302124
echo,common,en,co.uk,1,192.168.137.14,hey_alexa,7.082667350769043
echo,common,en,co.uk,1,192.168.137.14,hey_alexa,6.760764837265015
echo,common,en,co.uk,1,192.168.137.14,hey_alexa,6.841235637664795
echo,common,en,co.uk,1,192.168.137.14,hey_alexa,6.92185640335083
echo,common,en,co.uk,1,192.168.137.14,hey_alexa,6.760877847671509
echo,common,en,co.uk,1,192.168.137.14,hey_alexa,6.760775327682495
echo,common,en,co.uk,1,192.168.137.14,letter,1.85091757774353
echo,common,en,co.uk,1,192.168.137.14,workshop,16.4994113445282
echo,common,en,co.uk,1,192.168.137.14,connector,1.3678250312805171
echo,common,en,co.uk,3,192.168.137.14,hey_alexa,7.082121610641479
echo,common,en,co.uk,3,192.168.137.14,hey_alexa,7.243414878845215
echo,common,en,co.uk,3,192.168.137.14,hey_alexa,6.840904474258423
echo,common,en,co.uk,3,192.168.137.14,hey_alexa,6.439194440841675
echo,common,en,co.uk,3,192.168.137.14,hey_alexa,6.921571969985962
echo,common,en,co.uk,3,192.168.137.14,hey_alexa,6.760709524154663
echo,common,en,co.uk,3,192.168.137.14,hey_alexa,6.760547399520874
echo,common,en,co.uk,3,192.168.137.14,hey_alexa,7.243451356887817
echo,common,en,co.uk,3,192.168.137.14,hey_alexa,6.841006517410278
echo,common,en,co.uk,3,192.168.137.14,hey_alexa,7.162983655929565
echo,common,en,co.uk,3,192.168.137.14,hey_alexa,6.841099500656128
echo,common,en,co.uk,3,192.168.137.14,hey_alexa,6.757966756820679
echo,common,en,co.uk,3,192.168.137.14,hey_alexa,6.923231601715088
echo,common,en,co.uk,3,192.168.137.14,hey_alexa,6.919816017150879
echo,common,en,co.uk,3,192.168.137.14,hey_alexa,6.760754585266113
echo,common,en,co.uk,3,192.168.137.14,hey_alexa,6.679887771606445
echo,common,en,co.uk,3,192.168.137.14,hey_alexa,6.760949373245239
echo,common,en,co.uk,3,192.168.137.14,hey_alexa,1.931300401687622
echo,common,en,co.uk,3,192.168.137.14,hey_alexa,2.011893033981323
echo,common,en,co.uk,3,192.168.137.14,hey_alexa,6.921215295791626
echo,common,en,co.uk,3,192.168.137.14,hey_alexa,6.599473714828491
echo,common,en,co.uk,3,192.168.137.14,hey_alexa,6.921616554260254
echo,common,en,co.uk,3,192.168.137.14,hey_alexa,7.001995325088501
echo,common,en,co.uk,3,192.168.137.14,hey_alexa,6.9216132164001465
echo,common,en,co.uk,3,192.168.137.14,hey_alexa,7.002082347869873
echo,common,en,co.uk,3,192.168.137.14,hey_alexa,7.00211763381958
echo,common,en,co.uk,3,192.168.137.14,hey_alexa,6.7607741355896
echo,common,en,co.uk,3,192.168.137.14,hey_alexa,7.324153184890747
echo,common,en,co.uk,3,192.168.137.14,hey_alexa,7.163002729415893
echo,common,en,co.uk,3,192.168.137.14,hey_alexa,6.921649217605591
echo,common,en,co.uk,3,192.168.137.14,hey_alexa,1.8509325981140132
echo,common,en,co.uk,3,192.168.137.14,hey_alexa,6.921482801437378
echo,common,en,co.uk,3,192.168.137.14,hey_alexa,8.048089027404785
echo,common,en,co.uk,3,192.168.137.14,hey_alexa,7.162980079650879
echo,common,en,co.uk,3,192.168.137.14,hey_alexa,7.162857532501221
echo,common,en,co.uk,3,192.168.137.14,hey_alexa,7.083312511444092
echo,common,en,co.uk,3,192.168.137.14,hey_alexa,6.921794652938843
echo,common,en,co.uk,3,192.168.137.14,hey_alexa,6.760699987411499
echo,common,en,co.uk,3,192.168.137.14,hey_alexa,6.840932130813599
echo,common,en,co.uk,3,192.168.137.14,hey_alexa,6.438702821731567
echo,common,en,co.uk,3,192.168.137.14,hey_alexa,6.841023206710815
echo,common,en,co.uk,3,192.168.137.14,hey_alexa,7.16292142868042
echo,common,en,co.uk,3,192.168.137.14,hey_alexa,7.002053022384643
echo,common,en,co.uk,3,192.168.137.14,hey_alexa,7.001935482025146
echo,common,en,co.uk,3,192.168.137.14,hey_alexa,6.760602712631226
echo,common,en,co.uk,3,192.168.137.14,hey_alexa,6.841075658798218
echo,common,en,co.uk,3,192.168.137.14,hey_alexa,6.680264234542847
echo,common,en,co.uk,3,192.168.137.14,hey_alexa,6.760699510574341
echo,common,en,co.uk,3,192.168.137.14,hey_alexa,6.921527862548828
echo,common,en,co.uk,3,192.168.137.14,hey_alexa,6.921537637710571
echo,common,en,co.uk,3,192.168.137.14,hey_alexa,6.921583652496338
echo,common,en,co.uk,3,192.168.137.14,hey_alexa,6.277556419372559
echo,common,en,co.uk,3,192.168.137.14,hey_alexa,6.277636766433716
echo,common,en,co.uk,3,192.168.137.14,hey_alexa,6.358041524887085
echo,common,en,co.uk,3,192.168.137.14,hey_alexa,6.9215099811553955
echo,common,en,co.uk,3,192.168.137.14,hey_alexa,7.404424428939819
echo,common,en,co.uk,3,192.168.137.14,hey_alexa,6.51910924911499
echo,common,en,co.uk,3,192.168.137.14,hey_alexa,6.921533107757568
echo,common,en,co.uk,3,192.168.137.14,workshops,2.092331409454345
echo,common,en,co.uk,3,192.168.137.14,acer,1.529031038284301
echo,common,en,co.uk,3,192.168.137.14,webshots,1.448296785354614
echo,common,en,co.uk,3,192.168.137.14,lexmark,1.770557880401611
echo,common,en,co.uk,3,192.168.137.14,isa,1.528967142105102
echo,common,en,co.uk,3,192.168.137.14,alexandria,1.529116153717041
echo,common,en,co.uk,3,192.168.137.14,looksmart,1.689939975738525
home-mini,common,en,co.in,1,192.168.137.145,ok_google,10.562509775161743
home-mini,common,en,co.in,1,192.168.137.145,ok_google,10.559084177017212
home-mini,common,en,co.in,1,192.168.137.145,ok_google,10.480945110321045
home-mini,common,en,co.in,1,192.168.137.145,ok_google,10.480748891830444
home-mini,common,en,co.in,1,192.168.137.145,ok_google,10.559044361114502
home-mini,common,en,co.in,1,192.168.137.145,ok_google,10.480895042419434
home-mini,common,en,co.in,1,192.168.137.145,ok_google,10.402930498123169
home-mini,common,en,co.in,1,192.168.137.145,ok_google,10.48099970817566
home-mini,common,en,co.in,1,192.168.137.145,ok_google,10.480880498886108
home-mini,common,en,co.in,1,192.168.137.145,ok_google,10.399195432662964
home-mini,common,en,co.in,1,192.168.137.145,ok_google,10.480833530426025
home-mini,common,en,co.in,1,192.168.137.145,ok_google,10.804309129714966
home-mini,common,en,co.in,1,192.168.137.145,ok_google,10.48084306716919
home-mini,common,en,co.in,1,192.168.137.145,ok_google,10.399177312850952
home-mini,common,en,co.in,1,192.168.137.145,ok_google,10.480894565582275
home-mini,common,en,co.in,1,192.168.137.145,ok_google,10.399198532104492
home-mini,common,en,co.in,1,192.168.137.145,ok_google,10.480835914611816
home-mini,common,en,co.in,1,192.168.137.145,ok_google,10.480979442596436
home-mini,common,en,co.in,1,192.168.137.145,ok_google,10.4809250831604
home-mini,common,en,co.in,1,192.168.137.145,ok_google,10.562722444534302
home-mini,common,en,co.in,1,192.168.137.145,ok_google,10.559083461761475
home-mini,common,en,co.in,1,192.168.137.145,ok_google,10.481022596359253
home-mini,common,en,co.in,1,192.168.137.145,ok_google,10.480798482894897
home-mini,common,en,co.in,1,192.168.137.145,ok_google,10.562683343887329
home-mini,common,en,co.in,1,192.168.137.145,ok_google,10.48087453842163
home-mini,common,en,co.in,1,192.168.137.145,ok_google,10.558948040008545
home-mini,common,en,co.in,1,192.168.137.145,ok_google,10.47693157196045
home-mini,common,en,co.in,1,192.168.137.145,ok_google,10.72261667251587
home-mini,common,en,co.in,1,192.168.137.145,ok_google,10.399081230163574
home-mini,common,en,co.in,1,192.168.137.145,ok_google,10.644491910934448
home-mini,common,en,co.in,1,192.168.137.145,ok_google,10.64067029953003
home-mini,common,en,co.in,1,192.168.137.145,ok_google,10.48100733757019
home-mini,common,en,co.in,1,192.168.137.145,ok_google,10.562695503234863
home-mini,common,en,co.in,1,192.168.137.145,ok_google,10.40295147895813
home-mini,common,en,co.in,1,192.168.137.145,ok_google,10.481034517288208
home-mini,common,en,co.in,1,192.168.137.145,ok_google,10.48103666305542
home-mini,common,en,co.in,1,192.168.137.145,ok_google,10.48096489906311
home-mini,common,en,co.in,1,192.168.137.145,ok_google,10.477153301239014
home-mini,common,en,co.in,1,192.168.137.145,ok_google,10.480945348739624
home-mini,common,en,co.in,1,192.168.137.145,ok_google,10.39912748336792
home-mini,common,en,co.in,1,192.168.137.145,ok_google,10.480955362319946
home-mini,common,en,co.in,1,192.168.137.145,ok_google,10.480727434158325
home-mini,common,en,co.in,1,192.168.137.145,ok_google,10.55846381187439
home-mini,common,en,co.in,1,192.168.137.145,ok_google,10.398993015289307
home-mini,common,en,co.in,1,192.168.137.145,ok_google,10.56273603439331
home-mini,common,en,co.in,1,192.168.137.145,ok_google,10.55908489227295
home-mini,common,en,co.in,1,192.168.137.145,ok_google,10.481029987335205
home-mini,common,en,co.in,1,192.168.137.145,ok_google,10.558984994888306
home-mini,common,en,co.in,1,192.168.137.145,ok_google,10.48091721534729
home-mini,common,en,co.in,1,192.168.137.145,ok_google,10.562663793563843
home-mini,common,en,co.in,1,192.168.137.145,ok_google,10.480848550796509
home-mini,common,en,co.in,1,192.168.137.145,ok_google,10.480945110321045
home-mini,common,en,co.in,1,192.168.137.145,ok_google,10.562684297561646
home-mini,common,en,co.in,1,192.168.137.145,ok_google,10.480936050415039
home-mini,common,en,co.in,1,192.168.137.145,ok_google,10.481147766113281
home-mini,common,en,co.in,1,192.168.137.145,ok_google,10.559078216552734
home-mini,common,en,co.in,1,192.168.137.145,ok_google,10.558662176132202
home-mini,common,en,co.in,1,192.168.137.145,ok_google,10.481030702590942
home-mini,common,en,co.in,1,192.168.137.145,ok_google,10.480819940567017
home-mini,common,en,co.in,1,192.168.137.145,ok_google,10.399031400680542
home-mini,common,en,com,1,192.168.137.160,ok_google,10.308969020843506
home-mini,common,en,com,1,192.168.137.160,ok_google,10.309008598327637
home-mini,common,en,com,1,192.168.137.160,ok_google,10.386417388916016
home-mini,common,en,com,1,192.168.137.160,ok_google,10.235688209533691
home-mini,common,en,com,1,192.168.137.160,ok_google,10.235557794570923
home-mini,common,en,com,1,192.168.137.160,ok_google,10.235416650772095
home-mini,common,en,com,1,192.168.137.160,ok_google,10.235203742980957
home-mini,common,en,com,1,192.168.137.160,ok_google,10.309142589569092
home-mini,common,en,com,1,192.168.137.160,ok_google,10.235240459442139
home-mini,common,en,com,1,192.168.137.160,ok_google,10.231455564498901
home-mini,common,en,com,1,192.168.137.160,ok_google,10.235243082046509
home-mini,common,en,com,1,192.168.137.160,ok_google,10.312649965286255
home-mini,common,en,com,1,192.168.137.160,ok_google,10.235295534133911
home-mini,common,en,com,1,192.168.137.160,ok_google,10.161353826522827
home-mini,common,en,com,1,192.168.137.160,ok_google,10.234869241714478
home-mini,common,en,com,1,192.168.137.160,ok_google,10.157527923583984
home-mini,common,en,com,1,192.168.137.160,ok_google,10.231266260147095
home-mini,common,en,com,1,192.168.137.160,ok_google,10.234996557235718
home-mini,common,en,com,1,192.168.137.160,ok_google,10.308848857879639
home-mini,common,en,com,1,192.168.137.160,ok_google,10.16127324104309
home-mini,common,en,com,1,192.168.137.160,ok_google,10.23138976097107
home-mini,common,en,com,1,192.168.137.160,ok_google,10.157541513442993
home-mini,common,en,com,1,192.168.137.160,ok_google,10.235290050506592
home-mini,common,en,com,1,192.168.137.160,ok_google,10.235122680664062
home-mini,common,en,com,1,192.168.137.160,ok_google,10.308932065963745
home-mini,common,en,com,1,192.168.137.160,ok_google,10.157260417938232
home-mini,common,en,com,1,192.168.137.160,ok_google,10.231379985809326
home-mini,common,en,com,1,192.168.137.160,ok_google,10.157746315002441
home-mini,common,en,com,1,192.168.137.160,ok_google,10.161243438720703
home-mini,common,en,com,1,192.168.137.160,ok_google,10.235229969024658
home-mini,common,en,com,1,192.168.137.160,ok_google,10.157547950744629
home-mini,common,en,com,1,192.168.137.160,ok_google,10.157346963882446
home-mini,common,en,com,1,192.168.137.160,ok_google,10.157535791397095
home-mini,common,en,com,1,192.168.137.160,ok_google,10.157664775848389
home-mini,common,en,com,1,192.168.137.160,ok_google,10.157809734344482
home-mini,common,en,com,1,192.168.137.160,ok_google,10.23526120185852
home-mini,common,en,com,1,192.168.137.160,ok_google,10.157589435577393
home-mini,common,en,com,1,192.168.137.160,ok_google,10.235101222991943
home-mini,common,en,com,1,192.168.137.160,ok_google,10.161254405975342
home-mini,common,en,com,1,192.168.137.160,ok_google,10.15738034248352
home-mini,common,en,com,1,192.168.137.160,ok_google,10.23517918586731
home-mini,common,en,com,1,192.168.137.160,ok_google,10.910985946655273
home-mini,common,en,com,1,192.168.137.160,ok_google,10.235055923461914
home-mini,common,en,com,1,192.168.137.160,ok_google,10.235038757324219
home-mini,common,en,com,1,192.168.137.160,ok_google,10.083618402481079
home-mini,common,en,com,1,192.168.137.160,ok_google,10.161214113235474
home-mini,common,en,com,1,192.168.137.160,ok_google,10.157511949539185
home-mini,common,en,com,1,192.168.137.160,ok_google,10.157335042953491
home-mini,common,en,com,1,192.168.137.160,ok_google,10.157528400421143
home-mini,common,en,com,1,192.168.137.160,ok_google,10.083695411682129
home-mini,common,en,com,1,192.168.137.160,ok_google,10.157535314559937
home-mini,common,en,com,1,192.168.137.160,ok_google,10.157768726348877
home-mini,common,en,com,1,192.168.137.160,ok_google,10.157408714294434
echo,common,en,co.uk,2,192.168.137.14,hey_alexa,6.235344171524048
echo,common,en,co.uk,2,192.168.137.14,hey_alexa,6.2354536056518555
echo,common,en,co.uk,2,192.168.137.14,hey_alexa,6.460946321487427
echo,common,en,co.uk,2,192.168.137.14,hey_alexa,6.310703992843628
echo,common,en,co.uk,2,192.168.137.14,hey_alexa,6.385761976242065
echo,common,en,co.uk,2,192.168.137.14,hey_alexa,6.310732126235962
echo,common,en,co.uk,2,192.168.137.14,hey_alexa,6.235527753829956
echo,common,en,co.uk,2,192.168.137.14,hey_alexa,6.235839366912842
echo,common,en,co.uk,2,192.168.137.14,hey_alexa,6.235769510269165
echo,common,en,co.uk,2,192.168.137.14,hey_alexa,6.461030960083008
echo,common,en,co.uk,2,192.168.137.14,hey_alexa,6.385822296142578
echo,common,en,co.uk,2,192.168.137.14,hey_alexa,6.310598850250244
echo,common,en,co.uk,2,192.168.137.14,hey_alexa,6.385969400405884
echo,common,en,co.uk,2,192.168.137.14,hey_alexa,6.310783863067627
echo,common,en,co.uk,2,192.168.137.14,hey_alexa,6.536077499389648
echo,common,en,co.uk,2,192.168.137.14,hey_alexa,6.461032867431641
echo,common,en,co.uk,2,192.168.137.14,hey_alexa,6.235644817352295
echo,common,en,co.uk,2,192.168.137.14,hey_alexa,6.385761499404907
echo,common,en,co.uk,2,192.168.137.14,hey_alexa,6.235485553741455
echo,common,en,co.uk,2,192.168.137.14,hey_alexa,6.31061577796936
echo,common,en,co.uk,2,192.168.137.14,hey_alexa,6.235493183135986
echo,common,en,co.uk,2,192.168.137.14,hey_alexa,6.537152290344238
echo,common,en,co.uk,2,192.168.137.14,hey_alexa,6.5368006229400635
echo,common,en,co.uk,2,192.168.137.14,hey_alexa,6.385924816131592
echo,common,en,co.uk,2,192.168.137.14,hey_alexa,6.460697412490845
echo,common,en,co.uk,2,192.168.137.14,hey_alexa,6.310632228851318
echo,common,en,co.uk,2,192.168.137.14,hey_alexa,6.31074595451355
echo,common,en,co.uk,2,192.168.137.14,hey_alexa,6.310476303100586
echo,common,en,co.uk,2,192.168.137.14,hey_alexa,6.23536491394043
echo,common,en,co.uk,2,192.168.137.14,hey_alexa,6.235344886779785
echo,common,en,co.uk,2,192.168.137.14,hey_alexa,6.310585737228393
echo,common,en,co.uk,2,192.168.137.14,hey_alexa,6.3103437423706055
echo,common,en,co.uk,2,192.168.137.14,hey_alexa,6.3103883266448975
echo,common,en,co.uk,2,192.168.137.14,hey_alexa,6.235470771789551
echo,common,en,co.uk,2,192.168.137.14,hey_alexa,6.235473394393921
echo,common,en,co.uk,2,192.168.137.14,hey_alexa,6.535913705825806
echo,common,en,co.uk,2,192.168.137.14,hey_alexa,6.3857502937316895
echo,common,en,co.uk,2,192.168.137.14,hey_alexa,6.235496282577515
echo,common,en,co.uk,2,192.168.137.14,hey_alexa,6.385866165161133
echo,common,en,co.uk,2,192.168.137.14,hey_alexa,6.31053900718689
echo,common,en,co.uk,2,192.168.137.14,hey_alexa,6.460886478424072
echo,common,en,co.uk,2,192.168.137.14,hey_alexa,6.385935544967651
echo,common,en,co.uk,2,192.168.137.14,hey_alexa,6.310396432876587
echo,common,en,co.uk,2,192.168.137.14,hey_alexa,6.310429811477661
echo,common,en,co.uk,2,192.168.137.14,hey_alexa,6.3856751918792725
echo,common,en,co.uk,2,192.168.137.14,hey_alexa,6.385746002197266
echo,common,en,co.uk,2,192.168.137.14,hey_alexa,6.385807275772095
echo,common,en,co.uk,2,192.168.137.14,hey_alexa,6.310555219650268
echo,common,en,co.uk,2,192.168.137.14,hey_alexa,6.235556602478027
echo,common,en,co.uk,2,192.168.137.14,hey_alexa,6.310589790344238
echo,common,en,co.uk,2,192.168.137.14,hey_alexa,1.352057218551635
echo,common,en,co.uk,2,192.168.137.14,hey_alexa,6.310647010803223
echo,common,en,co.uk,2,192.168.137.14,hey_alexa,6.235428094863892
echo,common,en,co.uk,2,192.168.137.14,hey_alexa,6.235442876815796
echo,common,en,co.uk,2,192.168.137.14,hey_alexa,6.3106689453125
echo,common,en,co.uk,2,192.168.137.14,hey_alexa,6.385619401931763
echo,common,en,co.uk,2,192.168.137.14,hey_alexa,6.235416889190674
echo,common,en,co.uk,2,192.168.137.14,alexander,1.277069807052612
echo,common,en,co.uk,2,192.168.137.14,lexmark,1.126889467239379
echo,common,en,co.uk,2,192.168.137.14,lesser,6.160279512405395
echo,common,en,co.uk,2,192.168.137.14,isa,1.352039813995361
echo,common,en,co.uk,2,192.168.137.14,alexandria,1.276317834854126
echo,common,en,co.uk,2,192.168.137.14,mixer,1.3521976470947261
echo,book,en,com,1,192.168.137.14,f38da9f10c,2.172852277755737
echo,common,en,co.in,2,192.168.137.14,hey_alexa,6.385320663452148
echo,common,en,co.in,2,192.168.137.14,hey_alexa,6.460862636566162
echo,common,en,co.in,2,192.168.137.14,hey_alexa,6.535768508911133
echo,common,en,co.in,2,192.168.137.14,hey_alexa,6.685927629470825
echo,common,en,co.in,2,192.168.137.14,hey_alexa,6.385588884353638
echo,common,en,co.in,2,192.168.137.14,hey_alexa,6.536168813705444
echo,common,en,co.in,2,192.168.137.14,hey_alexa,6.6867146492004395
echo,common,en,co.in,2,192.168.137.14,hey_alexa,6.536366701126099
echo,common,en,co.in,2,192.168.137.14,hey_alexa,6.836638927459717
echo,common,en,co.in,2,192.168.137.14,hey_alexa,6.611363172531128
echo,common,en,co.in,2,192.168.137.14,hey_alexa,1.57761549949646
echo,common,en,co.in,2,192.168.137.14,hey_alexa,6.610259294509888
echo,common,en,co.in,2,192.168.137.14,hey_alexa,1.577391386032104
echo,common,en,co.in,2,192.168.137.14,hey_alexa,6.761344909667969
echo,common,en,co.in,2,192.168.137.14,hey_alexa,6.611128807067871
echo,common,en,co.in,2,192.168.137.14,hey_alexa,6.31067681312561
echo,common,en,co.in,2,192.168.137.14,hey_alexa,1.42736268043518
echo,common,en,co.in,2,192.168.137.14,hey_alexa,6.461024522781372
echo,common,en,co.in,2,192.168.137.14,hey_alexa,1.8781180381774902
echo,common,en,co.in,2,192.168.137.14,hey_alexa,1.652621984481811
echo,common,en,co.in,2,192.168.137.14,hey_alexa,6.385745048522949
echo,common,en,co.in,2,192.168.137.14,hey_alexa,6.686406135559082
echo,common,en,co.in,2,192.168.137.14,hey_alexa,6.53645396232605
echo,common,en,co.in,2,192.168.137.14,hey_alexa,6.761615514755249
echo,common,en,co.in,2,192.168.137.14,hey_alexa,6.761447191238403
echo,common,en,co.in,2,192.168.137.14,hey_alexa,6.461008548736572
echo,common,en,co.in,2,192.168.137.14,hey_alexa,7.137233734130859
echo,common,en,co.in,2,192.168.137.14,hey_alexa,7.287463665008545
echo,common,en,co.in,2,192.168.137.14,hey_alexa,6.836532354354858
echo,common,en,co.in,2,192.168.137.14,hey_alexa,6.7615416049957275
echo,common,en,co.in,2,192.168.137.14,hey_alexa,6.160486698150635
echo,common,en,co.in,2,192.168.137.14,hey_alexa,6.460858106613159
echo,common,en,co.in,2,192.168.137.14,hey_alexa,6.461073160171509
echo,common,en,co.in,2,192.168.137.14,hey_alexa,7.13715386390686
echo,common,en,co.in,2,192.168.137.14,hey_alexa,6.6112892627716064
echo,common,en,co.in,2,192.168.137.14,hey_alexa,6.461056470870972
echo,common,en,co.in,2,192.168.137.14,hey_alexa,6.836809158325195
echo,common,en,co.in,2,192.168.137.14,hey_alexa,6.686620712280273
echo,common,en,co.in,2,192.168.137.14,hey_alexa,6.686527490615845
echo,common,en,co.in,2,192.168.137.14,hey_alexa,6.536179780960083
echo,common,en,co.in,2,192.168.137.14,hey_alexa,6.7614829540252686
echo,common,en,co.in,2,192.168.137.14,hey_alexa,6.911819934844971
echo,common,en,co.in,2,192.168.137.14,hey_alexa,6.535849571228027
echo,common,en,co.in,2,192.168.137.14,hey_alexa,6.5357346534729
echo,common,en,co.in,2,192.168.137.14,hey_alexa,6.761251449584961
echo,common,en,co.in,2,192.168.137.14,hey_alexa,6.235605001449585
echo,common,en,co.in,2,192.168.137.14,hey_alexa,6.7615156173706055
echo,common,en,co.in,2,192.168.137.14,hey_alexa,6.460721731185913
echo,common,en,co.in,2,192.168.137.14,hey_alexa,6.761895656585693
echo,common,en,co.in,2,192.168.137.14,hey_alexa,6.761745452880859
echo,common,en,co.in,2,192.168.137.14,hey_alexa,6.686462163925171
echo,common,en,co.in,2,192.168.137.14,hey_alexa,6.761596918106079
echo,common,en,co.in,2,192.168.137.14,collection,2.028225898742676
echo,common,en,co.in,2,192.168.137.14,answers,2.103615999221801
echo,common,en,co.in,2,192.168.137.14,electric,2.103388309478759
echo,common,en,co.in,2,192.168.137.14,collections,1.577545881271362
echo,common,en,co.in,2,192.168.137.14,ultra,6.23531436920166
echo,common,en,co.in,2,192.168.137.14,elected,1.3518726825714111
echo,common,en,co.in,2,192.168.137.14,vector,1.577844381332397
echo,common,en,co.in,2,192.168.137.14,awesome,2.028610706329345
echo,common,en,co.in,2,192.168.137.14,arthur,1.577534437179565
echo,common,en,co.in,2,192.168.137.14,luxembourg,1.95320177078247
echo,common,en,co.in,2,192.168.137.14,collectors,1.72760796546936
echo,common,en,co.in,2,192.168.137.14,lesser,3.681006908416748
echo,common,en,co.in,2,192.168.137.14,lesser,26.89562201499939
echo,common,en,co.in,2,192.168.137.14,lexus,1.953253746032714
echo,common,en,co.in,2,192.168.137.14,isa,1.352154493331909
echo,common,en,co.in,2,192.168.137.14,tulsa,1.5021235942840572
echo,common,en,co.in,2,192.168.137.14,tulsa,6.31083607673645
echo,common,en,co.in,2,192.168.137.14,paxil,1.427276134490966
echo,common,en,co.in,2,192.168.137.14,cursor,1.878207683563232
echo,common,en,com,2,192.168.137.14,hey_alexa,7.323992729187012
echo,common,en,com,2,192.168.137.14,hey_alexa,6.759632349014282
echo,common,en,com,2,192.168.137.14,hey_alexa,6.679677724838257
echo,common,en,com,2,192.168.137.14,hey_alexa,6.921532154083252
echo,common,en,com,2,192.168.137.14,hey_alexa,7.001923322677612
echo,common,en,com,2,192.168.137.14,hey_alexa,7.00190281867981
echo,common,en,com,2,192.168.137.14,hey_alexa,6.921588182449341
echo,common,en,com,2,192.168.137.14,hey_alexa,6.9215147495269775
echo,common,en,com,2,192.168.137.14,hey_alexa,6.358086109161377
echo,common,en,com,2,192.168.137.14,hey_alexa,7.082502841949463
echo,common,en,com,2,192.168.137.14,hey_alexa,6.761367559432983
echo,common,en,com,2,192.168.137.14,hey_alexa,6.841304063796997
echo,common,en,com,2,192.168.137.14,hey_alexa,6.921647548675537
echo,common,en,com,2,192.168.137.14,hey_alexa,6.760644197463989
echo,common,en,com,2,192.168.137.14,hey_alexa,7.002048969268799
echo,common,en,com,2,192.168.137.14,hey_alexa,6.599659204483032
echo,common,en,com,2,192.168.137.14,hey_alexa,6.760402202606201
echo,common,en,com,2,192.168.137.14,hey_alexa,6.519135236740112
echo,common,en,com,2,192.168.137.14,hey_alexa,6.519140958786011
echo,common,en,com,2,192.168.137.14,hey_alexa,6.27751612663269
echo,common,en,com,2,192.168.137.14,hey_alexa,6.519210338592529
echo,common,en,com,2,192.168.137.14,hey_alexa,6.679833173751831
echo,common,en,com,2,192.168.137.14,hey_alexa,6.841145277023315
echo,common,en,com,2,192.168.137.14,hey_alexa,6.841130256652832
echo,common,en,com,2,192.168.137.14,hey_alexa,7.243428468704224
echo,common,en,com,2,192.168.137.14,hey_alexa,6.840781211853027
echo,common,en,com,2,192.168.137.14,hey_alexa,7.323540687561035
echo,common,en,com,2,192.168.137.14,hey_alexa,7.162824153900146
echo,common,en,com,2,192.168.137.14,hey_alexa,7.082260608673096
echo,common,en,com,2,192.168.137.14,hey_alexa,6.7607102394104
echo,common,en,com,2,192.168.137.14,hey_alexa,6.921391487121582
echo,common,en,com,2,192.168.137.14,hey_alexa,2.092468500137329
echo,common,en,com,2,192.168.137.14,hey_alexa,1.85098123550415
echo,common,en,com,2,192.168.137.14,hey_alexa,7.084104537963867
echo,common,en,com,2,192.168.137.14,hey_alexa,6.841160535812378
echo,common,en,com,2,192.168.137.14,hey_alexa,6.760622262954712
echo,common,en,com,2,192.168.137.14,hey_alexa,1.690011739730835
echo,common,en,com,2,192.168.137.14,hey_alexa,1.770492076873779
echo,common,en,com,2,192.168.137.14,hey_alexa,6.841196060180664
echo,common,en,com,2,192.168.137.14,hey_alexa,6.841470956802368
echo,common,en,com,2,192.168.137.14,hey_alexa,7.082129240036011
echo,common,en,com,2,192.168.137.14,hey_alexa,6.840632200241089
echo,common,en,com,2,192.168.137.14,hey_alexa,7.001709938049316
echo,common,en,com,2,192.168.137.14,hey_alexa,6.599522113800049
echo,common,en,com,2,192.168.137.14,hey_alexa,6.760400056838989
echo,common,en,com,2,192.168.137.14,hey_alexa,6.921393632888794
echo,common,en,com,2,192.168.137.14,hey_alexa,6.760278224945068
echo,common,en,com,2,192.168.137.14,hey_alexa,6.921422243118286
echo,common,en,com,2,192.168.137.14,hey_alexa,6.679827690124512
echo,common,en,com,2,192.168.137.14,hey_alexa,6.760432004928589
echo,common,en,com,2,192.168.137.14,hey_alexa,7.162944793701172
echo,common,en,com,2,192.168.137.14,hey_alexa,6.760501146316528
echo,common,en,com,2,192.168.137.14,hey_alexa,6.7603020668029785
echo,common,en,com,2,192.168.137.14,hey_alexa,1.8509409427642822
echo,common,en,com,2,192.168.137.14,hey_alexa,6.921926975250244
echo,common,en,com,2,192.168.137.14,action,7.082242965698242
echo,common,en,com,2,192.168.137.14,collection,2.414597749710083
echo,common,en,com,2,192.168.137.14,flexible,1.368087291717529
echo,common,en,com,2,192.168.137.14,lecture,1.689868211746215
echo,common,en,com,2,192.168.137.14,luxembourg,1.9315156936645501
echo,common,en,com,2,192.168.137.14,accessed,2.173190116882324
echo,common,en,com,2,192.168.137.14,lexus,1.7705481052398682
echo,common,en,com,3,192.168.137.74,hey_alexa,6.836214303970337
echo,common,en,com,3,192.168.137.74,hey_alexa,6.310600519180298
echo,common,en,com,3,192.168.137.74,hey_alexa,6.385744333267212
echo,common,en,com,3,192.168.137.74,hey_alexa,1.4273521900177
echo,common,en,com,3,192.168.137.74,hey_alexa,1.352031946182251
echo,common,en,com,3,192.168.137.74,hey_alexa,6.310433626174927
echo,common,en,com,3,192.168.137.74,hey_alexa,6.235215425491333
echo,common,en,com,3,192.168.137.74,hey_alexa,6.235472679138184
echo,common,en,com,3,192.168.137.74,hey_alexa,6.310572624206543
echo,common,en,com,3,192.168.137.74,hey_alexa,6.5357465744018555
echo,common,en,com,3,192.168.137.74,hey_alexa,6.385732650756836
echo,common,en,com,3,192.168.137.74,hey_alexa,6.38561201095581
echo,common,en,com,3,192.168.137.74,hey_alexa,6.686787366867065
echo,common,en,com,3,192.168.137.74,hey_alexa,6.386005401611328
echo,common,en,com,3,192.168.137.74,hey_alexa,6.5361082553863525
echo,common,en,com,3,192.168.137.74,hey_alexa,6.385744571685791
echo,common,en,com,3,192.168.137.74,hey_alexa,1.4273028373718262
echo,common,en,com,3,192.168.137.74,hey_alexa,6.234763622283935
echo,common,en,com,3,192.168.137.74,hey_alexa,6.234999656677246
echo,common,en,com,3,192.168.137.74,hey_alexa,6.535737037658691
echo,common,en,com,3,192.168.137.74,hey_alexa,6.385682344436645
echo,common,en,com,3,192.168.137.74,hey_alexa,6.385633707046509
echo,common,en,com,3,192.168.137.74,hey_alexa,1.276964902877807
echo,common,en,com,3,192.168.137.74,hey_alexa,6.235620737075806
echo,common,en,com,3,192.168.137.74,hey_alexa,6.385584831237793
echo,common,en,com,3,192.168.137.74,hey_alexa,6.385582208633423
echo,common,en,com,3,192.168.137.74,hey_alexa,1.277038812637329
echo,common,en,com,3,192.168.137.74,hey_alexa,6.235541105270386
echo,common,en,com,3,192.168.137.74,hey_alexa,6.3105151653289795
echo,common,en,com,3,192.168.137.74,hey_alexa,6.460855960845947
echo,common,en,com,3,192.168.137.74,hey_alexa,6.611049652099609
echo,common,en,com,3,192.168.137.74,hey_alexa,6.31050968170166
echo,common,en,com,3,192.168.137.74,hey_alexa,6.460777759552002
echo,common,en,com,3,192.168.137.74,hey_alexa,6.310476303100586
echo,common,en,com,3,192.168.137.74,hey_alexa,6.31047773361206
echo,common,en,com,3,192.168.137.74,hey_alexa,6.460948944091797
echo,common,en,com,3,192.168.137.74,hey_alexa,6.310429573059082
echo,common,en,com,3,192.168.137.74,hey_alexa,6.235613107681274
echo,common,en,com,3,192.168.137.74,hey_alexa,6.385586977005005
echo,common,en,com,3,192.168.137.74,hey_alexa,6.310390472412109
echo,common,en,com,3,192.168.137.74,hey_alexa,6.31038761138916
echo,common,en,com,3,192.168.137.74,hey_alexa,6.385657548904419
echo,common,en,com,3,192.168.137.74,hey_alexa,6.310586929321289
echo,common,en,com,3,192.168.137.74,hey_alexa,6.535923480987549
echo,common,en,com,3,192.168.137.74,hey_alexa,6.31059193611145
echo,common,en,com,3,192.168.137.74,hey_alexa,6.385956287384033
echo,common,en,com,3,192.168.137.74,hey_alexa,6.461038827896118
echo,common,en,com,3,192.168.137.74,hey_alexa,6.461085796356201
echo,common,en,com,3,192.168.137.74,hey_alexa,4.131805658340454
echo,common,en,com,3,192.168.137.74,hey_alexa,6.460935831069946
echo,common,en,com,3,192.168.137.74,hey_alexa,6.460910320281982
echo,common,en,com,3,192.168.137.74,hey_alexa,6.460880994796753
echo,common,en,com,3,192.168.137.74,hey_alexa,6.385819911956787
echo,common,en,com,3,192.168.137.74,hey_alexa,6.460860252380371
echo,common,en,com,3,192.168.137.74,hey_alexa,6.310491800308227
echo,common,en,com,3,192.168.137.74,hey_alexa,6.310366630554199
echo,common,en,com,3,192.168.137.74,hey_alexa,6.310455083847046
echo,common,en,com,3,192.168.137.74,hey_alexa,6.460717439651489
echo,common,en,com,3,192.168.137.74,hey_alexa,6.310479640960693
echo,common,en,com,3,192.168.137.74,hey_alexa,6.385704755783081
echo,common,en,com,3,192.168.137.74,hey_alexa,6.235503911972046
echo,common,en,com,3,192.168.137.74,hey_alexa,6.235408544540405
echo,common,en,com,3,192.168.137.74,hey_alexa,6.385761260986328
echo,common,en,com,3,192.168.137.74,hey_alexa,6.386212348937988
echo,common,en,com,3,192.168.137.74,hey_alexa,6.310774326324463
echo,common,en,com,3,192.168.137.74,hey_alexa,6.235502958297729
echo,common,en,com,3,192.168.137.74,hey_alexa,1.126837015151977
echo,common,en,com,3,192.168.137.74,hey_alexa,6.235453367233276
echo,common,en,com,3,192.168.137.74,hey_alexa,6.460802555084228
echo,common,en,com,3,192.168.137.74,hey_alexa,6.536092042922974
echo,common,en,com,3,192.168.137.74,hey_alexa,6.310620069503784
echo,common,en,com,3,192.168.137.74,collection,1.577648162841796
echo,common,en,com,3,192.168.137.74,flexible,1.427310228347778
echo,common,en,com,3,192.168.137.74,blackjack,1.27711796760559
echo,common,en,com,3,192.168.137.74,flexibility,1.277047872543335
echo,common,en,com,3,192.168.137.74,lexus,1.35217809677124
echo,common,en,com,3,192.168.137.74,mixer,1.80318808555603
echo,common,en,com,1,192.168.137.74,hey_alexa,6.921460151672363
echo,common,en,com,1,192.168.137.74,hey_alexa,6.680035829544067
echo,common,en,com,1,192.168.137.74,hey_alexa,6.59971284866333
echo,common,en,com,1,192.168.137.74,hey_alexa,6.438669443130493
echo,common,en,com,1,192.168.137.74,hey_alexa,6.438730478286743
echo,common,en,com,1,192.168.137.74,hey_alexa,6.358147859573364
echo,common,en,com,1,192.168.137.74,hey_alexa,6.760493993759155
echo,common,en,com,1,192.168.137.74,hey_alexa,6.358099937438965
echo,common,en,com,1,192.168.137.74,hey_alexa,7.163003206253052
echo,common,en,com,1,192.168.137.74,hey_alexa,7.082656621932983
echo,common,en,com,1,192.168.137.74,hey_alexa,6.760738372802734
echo,common,en,com,1,192.168.137.74,hey_alexa,7.163092851638794
echo,common,en,com,1,192.168.137.74,hey_alexa,6.7606940269470215
echo,common,en,com,1,192.168.137.74,hey_alexa,6.438678979873657
echo,common,en,com,1,192.168.137.74,hey_alexa,7.323939800262451
echo,common,en,com,1,192.168.137.74,hey_alexa,6.760464668273926
echo,common,en,com,1,192.168.137.74,hey_alexa,7.001867532730102
echo,common,en,com,1,192.168.137.74,hey_alexa,7.082495450973511
echo,common,en,com,1,192.168.137.74,hey_alexa,7.002110004425049
echo,common,en,com,1,192.168.137.74,hey_alexa,6.9216039180755615
echo,common,en,com,1,192.168.137.74,hey_alexa,6.840831995010376
echo,common,en,com,1,192.168.137.74,hey_alexa,7.162789583206177
echo,common,en,com,1,192.168.137.74,hey_alexa,7.001966953277588
echo,common,en,com,1,192.168.137.74,hey_alexa,6.760570049285889
echo,common,en,com,1,192.168.137.74,hey_alexa,6.519057989120483
echo,common,en,com,1,192.168.137.74,hey_alexa,6.6801862716674805
echo,common,en,com,1,192.168.137.74,hey_alexa,6.921406507492065
echo,common,en,com,1,192.168.137.74,hey_alexa,6.4386420249938965
echo,common,en,com,1,192.168.137.74,hey_alexa,6.4384729862213135
echo,common,en,com,1,192.168.137.74,hey_alexa,7.002050399780273
echo,common,en,com,1,192.168.137.74,hey_alexa,6.760944128036499
echo,common,en,com,1,192.168.137.74,hey_alexa,7.324291467666626
echo,common,en,com,1,192.168.137.74,hey_alexa,6.841249227523804
echo,common,en,com,1,192.168.137.74,hey_alexa,6.840943336486816
echo,common,en,com,1,192.168.137.74,hey_alexa,7.002003192901611
echo,common,en,com,1,192.168.137.74,hey_alexa,6.760643243789673
echo,common,en,com,1,192.168.137.74,hey_alexa,6.519054174423218
echo,common,en,com,1,192.168.137.74,hey_alexa,7.243618965148926
echo,common,en,com,1,192.168.137.74,hey_alexa,6.921665191650391
echo,common,en,com,1,192.168.137.74,hey_alexa,7.002040386199951
echo,common,en,com,1,192.168.137.74,hey_alexa,6.5190589427948
echo,common,en,com,1,192.168.137.74,hey_alexa,6.680042266845703
echo,common,en,com,1,192.168.137.74,hey_alexa,6.760636329650879
echo,common,en,com,1,192.168.137.74,hey_alexa,7.08267331123352
echo,common,en,com,1,192.168.137.74,hey_alexa,6.921544790267944
echo,common,en,com,1,192.168.137.74,hey_alexa,7.002030372619629
echo,common,en,com,1,192.168.137.74,hey_alexa,7.001967191696167
echo,common,en,com,1,192.168.137.74,hey_alexa,6.680196762084961
echo,common,en,com,1,192.168.137.74,hey_alexa,2.011983633041382
echo,common,en,com,1,192.168.137.74,hey_alexa,6.841045618057251
echo,common,en,com,1,192.168.137.74,hey_alexa,6.760578870773315
echo,common,en,com,1,192.168.137.74,hey_alexa,7.002083778381348
echo,common,en,com,1,192.168.137.74,hey_alexa,7.002179622650146
echo,common,en,com,1,192.168.137.74,hey_alexa,6.841001987457275
echo,common,en,com,1,192.168.137.74,hey_alexa,7.002180814743042
echo,common,en,com,1,192.168.137.74,hey_alexa,6.841168403625488
echo,common,en,com,1,192.168.137.74,hey_alexa,7.001585245132446
echo,common,en,com,1,192.168.137.74,hey_alexa,6.921415090560913
echo,common,en,com,1,192.168.137.74,hey_alexa,6.67989706993103
echo,common,en,com,1,192.168.137.74,hey_alexa,7.001853227615356
echo,common,en,com,1,192.168.137.74,hey_alexa,6.760390281677246
echo,common,en,com,1,192.168.137.74,hey_alexa,2.092602729797363
echo,common,en,com,1,192.168.137.74,hey_alexa,6.760828971862793
echo,common,en,com,1,192.168.137.74,hey_alexa,6.841246604919434
echo,common,en,com,1,192.168.137.74,hey_alexa,6.6803319454193115
echo,common,en,com,1,192.168.137.74,election,1.5286915302276611
echo,common,en,com,1,192.168.137.74,flexible,1.770472288131713
echo,common,en,com,1,192.168.137.74,mexican,1.851199626922607
echo,common,en,com,1,192.168.137.74,correction,1.2071671485900881
echo,common,en,com,1,192.168.137.74,flexibility,8.853315830230713
echo,common,en,com,1,192.168.137.74,collective,2.012226104736328
echo,common,en,com,1,192.168.137.74,lexus,1.851126909255981
home-mini,google-questions,en,com,1,192.168.137.145,1ec24ee2b7,4.353436708450317
home-mini,common,en,co.uk,1,192.168.137.145,ok_google,10.399124145507812
home-mini,common,en,co.uk,1,192.168.137.145,ok_google,10.480684995651245
home-mini,common,en,co.uk,1,192.168.137.145,ok_google,10.481021165847778
home-mini,common,en,co.uk,1,192.168.137.145,ok_google,10.32084345817566
home-mini,common,en,co.uk,1,192.168.137.145,ok_google,10.239345788955688
home-mini,common,en,co.uk,1,192.168.137.145,ok_google,10.23552131652832
home-mini,common,en,co.uk,1,192.168.137.145,ok_google,10.239375114440918
home-mini,common,en,co.uk,1,192.168.137.145,ok_google,10.239219188690186
home-mini,common,en,co.uk,1,192.168.137.145,ok_google,10.23926329612732
home-mini,common,en,co.uk,1,192.168.137.145,ok_google,10.239328384399414
home-mini,common,en,co.uk,1,192.168.137.145,ok_google,10.317334413528442
home-mini,common,en,co.uk,1,192.168.137.145,ok_google,10.320997476577759
home-mini,common,en,co.uk,1,192.168.137.145,ok_google,10.321041345596313
home-mini,common,en,co.uk,1,192.168.137.145,ok_google,10.239332914352417
home-mini,common,en,co.uk,1,192.168.137.145,ok_google,10.239274024963379
home-mini,common,en,co.uk,1,192.168.137.145,ok_google,10.239216566085815
home-mini,common,en,co.uk,1,192.168.137.145,ok_google,10.317406415939331
home-mini,common,en,co.uk,1,192.168.137.145,ok_google,10.239330768585205
home-mini,common,en,co.uk,1,192.168.137.145,ok_google,10.23924994468689
home-mini,common,en,co.uk,1,192.168.137.145,ok_google,10.239150762557983
home-mini,common,en,co.uk,1,192.168.137.145,ok_google,10.320929050445557
home-mini,common,en,co.uk,1,192.168.137.145,ok_google,10.399141550064087
home-mini,common,en,co.uk,1,192.168.137.145,ok_google,10.23921251296997
home-mini,common,en,co.uk,1,192.168.137.145,ok_google,10.321049928665161
home-mini,common,en,co.uk,1,192.168.137.145,ok_google,10.317460536956787
home-mini,common,en,co.uk,1,192.168.137.145,ok_google,10.239306926727295
home-mini,common,en,co.uk,1,192.168.137.145,ok_google,10.320929527282715
home-mini,common,en,co.uk,1,192.168.137.145,ok_google,10.239312887191772
home-mini,common,en,co.uk,1,192.168.137.145,ok_google,10.321041107177734
home-mini,common,en,co.uk,1,192.168.137.145,ok_google,10.321214437484741
home-mini,common,en,co.uk,1,192.168.137.145,ok_google,10.235480546951294
home-mini,common,en,co.uk,1,192.168.137.145,ok_google,10.317363977432251
home-mini,common,en,co.uk,1,192.168.137.145,ok_google,10.320878505706787
home-mini,common,en,co.uk,1,192.168.137.145,ok_google,10.235510349273682
home-mini,common,en,co.uk,1,192.168.137.145,ok_google,10.239135503768921
home-mini,common,en,co.uk,1,192.168.137.145,ok_google,10.239083051681519
home-mini,common,en,co.uk,1,192.168.137.145,ok_google,10.239301681518555
home-mini,common,en,co.uk,1,192.168.137.145,ok_google,10.320915699005127
home-mini,common,en,co.uk,1,192.168.137.145,ok_google,10.23930287361145
home-mini,common,en,co.uk,1,192.168.137.145,ok_google,10.239179134368896
home-mini,common,en,co.uk,1,192.168.137.145,ok_google,10.235522985458374
home-mini,common,en,co.uk,1,192.168.137.145,ok_google,10.235536813735962
home-mini,common,en,co.uk,1,192.168.137.145,ok_google,10.239238262176514
home-mini,common,en,co.uk,1,192.168.137.145,ok_google,10.239293098449707
home-mini,common,en,co.uk,1,192.168.137.145,ok_google,10.239147424697876
home-mini,common,en,co.uk,1,192.168.137.145,ok_google,10.239269256591797
home-mini,common,en,co.uk,1,192.168.137.145,ok_google,10.239360570907593
home-mini,common,en,co.uk,1,192.168.137.145,ok_google,10.239160537719727
home-mini,common,en,co.uk,1,192.168.137.145,ok_google,10.317432403564453
home-mini,common,en,co.uk,1,192.168.137.145,ok_google,10.32108449935913
home-mini,common,en,co.uk,1,192.168.137.145,ok_google,10.317410707473755
home-mini,common,en,co.uk,1,192.168.137.145,ok_google,10.320983171463013
home-mini,common,en,co.uk,1,192.168.137.145,ok_google,10.31746768951416
home-mini,common,en,co.uk,1,192.168.137.145,ok_google,10.32108736038208
home-mini,common,en,co.uk,1,192.168.137.145,ok_google,10.239346027374268
home-mini,common,en,co.uk,1,192.168.137.145,ok_google,10.32110333442688
home-mini,common,en,co.uk,1,192.168.137.145,ok_google,10.239166975021362
home-mini,common,en,co.uk,1,192.168.137.145,ok_google,10.317281246185303
home-mini,common,en,co.uk,1,192.168.137.145,ok_google,10.320976495742798
home-mini,common,en,co.uk,1,192.168.137.145,ok_google,10.239288330078125
home-mini,common,en,co.uk,1,192.168.137.145,ok_google,10.317305564880371
home-mini,common,en,co.uk,1,192.168.137.145,ok_google,10.31719970703125
home-mini,common,en,co.uk,1,192.168.137.145,ok_google,10.23528003692627
home-mini,common,en,co.uk,1,192.168.137.145,ok_google,10.239263772964478
home-mini,common,en,co.uk,1,192.168.137.145,ok_google,10.317112445831299
home-mini,common,en,co.uk,1,192.168.137.145,ok_google,10.320762872695923
home-mini,common,en,co.uk,1,192.168.137.145,ok_google,10.321075677871704
home-mini,common,en,co.uk,1,192.168.137.145,ok_google,10.239213943481445
home-mini,common,en,co.uk,1,192.168.137.145,ok_google,10.239365577697754
home-mini,common,en,co.uk,1,192.168.137.145,ok_google,10.321005821228027
home-mini,common,en,co.uk,1,192.168.137.145,ok_google,10.317307233810425
home-mini,common,en,co.uk,1,192.168.137.145,ok_google,10.235482692718506
home-mini,common,en,co.uk,1,192.168.137.145,ok_google,10.317277193069458
home-mini,common,en,co.uk,1,192.168.137.145,ok_google,10.320788621902466
home-mini,common,en,co.uk,1,192.168.137.145,ok_google,10.320955276489258
home-mini,common,en,co.uk,1,192.168.137.145,ok_google,10.239361047744751
home-mini,common,en,co.uk,1,192.168.137.145,ok_google,10.321044445037842
home-mini,common,en,co.uk,1,192.168.137.145,ok_google,10.239267110824585
home-mini,common,en,co.uk,1,192.168.137.145,ok_google,10.32111668586731
home-mini,common,en,co.uk,1,192.168.137.145,ok_google,11.124025821685791
home-mini,common,en,co.uk,1,192.168.137.145,ok_google,10.317344903945923
echo,common,en,co.in,3,192.168.137.14,hey_alexa,6.841134786605835
echo,common,en,co.in,3,192.168.137.14,hey_alexa,6.841354846954346
echo,common,en,co.in,3,192.168.137.14,hey_alexa,6.760627508163452
echo,common,en,co.in,3,192.168.137.14,hey_alexa,6.519381046295166
echo,common,en,co.in,3,192.168.137.14,hey_alexa,6.51941704750061
echo,common,en,co.in,3,192.168.137.14,hey_alexa,6.438876390457153
echo,common,en,co.in,3,192.168.137.14,hey_alexa,6.599860906600952
echo,common,en,co.in,3,192.168.137.14,hey_alexa,6.5986058712005615
echo,common,en,co.in,3,192.168.137.14,hey_alexa,2.011997461318969
echo,common,en,co.in,3,192.168.137.14,hey_alexa,6.760112047195435
echo,common,en,co.in,3,192.168.137.14,hey_alexa,7.002454280853271
echo,common,en,co.in,3,192.168.137.14,hey_alexa,6.760294198989868
echo,common,en,co.in,3,192.168.137.14,hey_alexa,6.760741233825684
echo,common,en,co.in,3,192.168.137.14,hey_alexa,6.759963035583496
echo,common,en,co.in,3,192.168.137.14,hey_alexa,6.277367353439331
echo,common,en,co.in,3,192.168.137.14,hey_alexa,6.9216203689575195
echo,common,en,co.in,3,192.168.137.14,hey_alexa,6.680294036865234
echo,common,en,co.in,3,192.168.137.14,hey_alexa,6.760759353637695
echo,common,en,co.in,3,192.168.137.14,hey_alexa,6.840987205505371
echo,common,en,co.in,3,192.168.137.14,hey_alexa,1.8512413501739502
echo,common,en,co.in,3,192.168.137.14,hey_alexa,6.519162178039551
echo,common,en,co.in,3,192.168.137.14,hey_alexa,6.358180999755859
echo,common,en,co.in,3,192.168.137.14,hey_alexa,6.680126428604126
echo,common,en,co.in,3,192.168.137.14,hey_alexa,6.599724531173706
echo,common,en,co.in,3,192.168.137.14,hey_alexa,6.277791500091553
echo,common,en,co.in,3,192.168.137.14,hey_alexa,6.599800109863281
echo,common,en,co.in,3,192.168.137.14,hey_alexa,6.438709497451782
echo,common,en,co.in,3,192.168.137.14,hey_alexa,6.599997282028198
echo,common,en,co.in,3,192.168.137.14,hey_alexa,7.002284288406372
echo,common,en,co.in,3,192.168.137.14,hey_alexa,6.519319772720337
echo,common,en,co.in,3,192.168.137.14,hey_alexa,1.850886583328247
echo,common,en,co.in,3,192.168.137.14,hey_alexa,6.760526657104492
echo,common,en,co.in,3,192.168.137.14,hey_alexa,6.35810112953186
echo,common,en,co.in,3,192.168.137.14,hey_alexa,6.51908278465271
echo,common,en,co.in,3,192.168.137.14,hey_alexa,6.680269002914429
echo,common,en,co.in,3,192.168.137.14,hey_alexa,6.841323137283325
echo,common,en,co.in,3,192.168.137.14,hey_alexa,6.59987998008728
echo,common,en,co.in,3,192.168.137.14,hey_alexa,6.760852813720703
echo,common,en,co.in,3,192.168.137.14,hey_alexa,6.921050071716309
echo,common,en,co.in,3,192.168.137.14,hey_alexa,6.5189549922943115
echo,common,en,co.in,3,192.168.137.14,hey_alexa,6.599351406097412
echo,common,en,co.in,3,192.168.137.14,hey_alexa,6.438565492630005
echo,common,en,co.in,3,192.168.137.14,hey_alexa,6.599538564682007
echo,common,en,co.in,3,192.168.137.14,hey_alexa,6.357977867126465
echo,common,en,co.in,3,192.168.137.14,hey_alexa,6.599712371826172
echo,common,en,co.in,3,192.168.137.14,hey_alexa,6.519344329833984
echo,common,en,co.in,3,192.168.137.14,hey_alexa,6.841642618179321
echo,common,en,co.in,3,192.168.137.14,hey_alexa,7.002601861953735
echo,common,en,co.in,3,192.168.137.14,hey_alexa,6.278012037277222
echo,common,en,co.in,3,192.168.137.14,hey_alexa,6.680308818817139
echo,common,en,co.in,3,192.168.137.14,hey_alexa,7.002365827560425
echo,common,en,co.in,3,192.168.137.14,hey_alexa,6.68026065826416
echo,common,en,co.in,3,192.168.137.14,hey_alexa,6.8414013385772705
echo,common,en,co.in,3,192.168.137.14,hey_alexa,2.012012958526611
echo,common,en,co.in,3,192.168.137.14,hey_alexa,6.680127143859863
echo,common,en,co.in,3,192.168.137.14,hey_alexa,6.921698808670044
echo,common,en,co.in,3,192.168.137.14,hey_alexa,6.680180549621582
echo,common,en,co.in,3,192.168.137.14,hey_alexa,6.358981609344482
echo,common,en,co.in,3,192.168.137.14,hey_alexa,6.841871738433838
echo,common,en,co.in,3,192.168.137.14,hey_alexa,6.841389417648315
echo,common,en,co.in,3,192.168.137.14,hey_alexa,6.600035190582275
echo,common,en,co.in,3,192.168.137.14,hey_alexa,2.092645168304443
echo,common,en,co.in,3,192.168.137.14,hey_alexa,6.59988260269165
echo,common,en,co.in,3,192.168.137.14,hey_alexa,6.197634696960449
echo,common,en,co.in,3,192.168.137.14,hey_alexa,15.211842775344849
echo,common,en,co.in,3,192.168.137.14,hey_alexa,7.163271427154541
echo,common,en,co.in,3,192.168.137.14,hey_alexa,6.9215826988220215
echo,common,en,co.in,3,192.168.137.14,hey_alexa,6.599899530410767
echo,common,en,co.in,3,192.168.137.14,hey_alexa,6.438788652420044
echo,common,en,co.in,3,192.168.137.14,hey_alexa,6.599745988845825
echo,common,en,co.in,3,192.168.137.14,hey_alexa,7.082958459854126
echo,common,en,co.in,3,192.168.137.14,hey_alexa,2.333967685699463
echo,common,en,co.in,3,192.168.137.14,hey_alexa,6.840917110443115
echo,common,en,co.in,3,192.168.137.14,hey_alexa,6.518885374069214
echo,common,en,co.in,3,192.168.137.14,hey_alexa,6.438261270523071
echo,common,en,co.in,3,192.168.137.14,hey_alexa,6.277430534362793
echo,common,en,co.in,3,192.168.137.14,hey_alexa,6.599402189254761
echo,common,en,co.in,3,192.168.137.14,collection,1.77061653137207
echo,common,en,co.in,3,192.168.137.14,culture,1.9317984580993652
echo,common,en,co.in,3,192.168.137.14,electric,1.5290729999542232
echo,common,en,co.in,3,192.168.137.14,elected,1.609448432922363
echo,common,en,co.in,3,192.168.137.14,lecture,2.977764368057251
echo,common,en,co.in,3,192.168.137.14,simulation: how_are_you,1.126950979232788
echo,common,en,co.in,3,192.168.137.14,electricity,1.68983507156372
echo,common,en,co.in,3,192.168.137.14,collector,2.414405107498169
echo,common,en,co.in,3,192.168.137.14,oxygen,1.367990016937255
echo,common,en,co.in,3,192.168.137.14,luxembourg,2.012333869934082
echo,common,en,co.in,3,192.168.137.14,collectors,2.173342704772949
echo,common,en,co.in,3,192.168.137.14,electro,1.931506156921386
echo,common,en,co.in,3,192.168.137.14,lexus,1.207260370254516
echo,common,en,co.in,3,192.168.137.14,isa,2.977952003479004
echo,common,en,co.in,3,192.168.137.14,tulsa,2.012180089950561
echo,common,en,co.in,1,192.168.137.14,hey_alexa,6.836276292800903
echo,common,en,co.in,1,192.168.137.14,hey_alexa,6.98673415184021
echo,common,en,co.in,1,192.168.137.14,hey_alexa,6.611003160476685
echo,common,en,co.in,1,192.168.137.14,hey_alexa,6.535816669464111
echo,common,en,co.in,1,192.168.137.14,hey_alexa,6.385710954666138
echo,common,en,co.in,1,192.168.137.14,hey_alexa,6.686681747436523
echo,common,en,co.in,1,192.168.137.14,hey_alexa,6.686622619628906
echo,common,en,co.in,1,192.168.137.14,hey_alexa,6.911532878875732
echo,common,en,co.in,1,192.168.137.14,hey_alexa,6.911684036254883
echo,common,en,co.in,1,192.168.137.14,hey_alexa,6.611070394515991
echo,common,en,co.in,1,192.168.137.14,hey_alexa,6.83661675453186
echo,common,en,co.in,1,192.168.137.14,hey_alexa,6.761255741119385
echo,common,en,co.in,1,192.168.137.14,hey_alexa,2.1784827709198
echo,common,en,co.in,1,192.168.137.14,hey_alexa,6.535887241363525
echo,common,en,co.in,1,192.168.137.14,hey_alexa,6.761509656906128
echo,common,en,co.in,1,192.168.137.14,hey_alexa,6.911856651306152
echo,common,en,co.in,1,192.168.137.14,hey_alexa,6.8363728523254395
echo,common,en,co.in,1,192.168.137.14,hey_alexa,6.53614616394043
echo,common,en,co.in,1,192.168.137.14,hey_alexa,6.836599111557007
echo,common,en,co.in,1,192.168.137.14,hey_alexa,6.611242771148682
echo,common,en,co.in,1,192.168.137.14,hey_alexa,7.061723947525024
echo,common,en,co.in,1,192.168.137.14,hey_alexa,6.611114978790283
echo,common,en,co.in,1,192.168.137.14,hey_alexa,6.8362510204315186
echo,common,en,co.in,1,192.168.137.14,hey_alexa,6.460767507553101
echo,common,en,co.in,1,192.168.137.14,hey_alexa,7.062284708023071
echo,common,en,co.in,1,192.168.137.14,hey_alexa,6.911924362182617
echo,common,en,co.in,1,192.168.137.14,hey_alexa,6.836643934249878
echo,common,en,co.in,1,192.168.137.14,hey_alexa,2.028533697128296
echo,common,en,co.in,1,192.168.137.14,hey_alexa,6.5361292362213135
echo,common,en,co.in,1,192.168.137.14,hey_alexa,6.385749578475952
echo,common,en,co.in,1,192.168.137.14,hey_alexa,6.910694122314453
echo,common,en,co.in,1,192.168.137.14,hey_alexa,6.535242319107056
echo,common,en,co.in,1,192.168.137.14,hey_alexa,6.911260604858398
echo,common,en,co.in,1,192.168.137.14,hey_alexa,6.084966421127319
echo,common,en,co.in,1,192.168.137.14,hey_alexa,1.652611970901489
echo,common,en,co.in,1,192.168.137.14,hey_alexa,6.460723400115967
echo,common,en,co.in,1,192.168.137.14,hey_alexa,6.9119205474853525
echo,common,en,co.in,1,192.168.137.14,hey_alexa,1.727916717529296
echo,common,en,co.in,1,192.168.137.14,hey_alexa,6.761453151702881
echo,common,en,co.in,1,192.168.137.14,hey_alexa,6.611281156539917
echo,common,en,co.in,1,192.168.137.14,hey_alexa,7.061726331710815
echo,common,en,co.in,1,192.168.137.14,hey_alexa,1.802984476089477
echo,common,en,co.in,1,192.168.137.14,hey_alexa,6.686197519302368
echo,common,en,co.in,1,192.168.137.14,hey_alexa,6.611245632171631
echo,common,en,co.in,1,192.168.137.14,hey_alexa,1.803051948547363
echo,common,en,co.in,1,192.168.137.14,hey_alexa,6.535916566848755
echo,common,en,co.in,1,192.168.137.14,hey_alexa,6.911700963973999
echo,common,en,co.in,1,192.168.137.14,hey_alexa,6.385754823684692
echo,common,en,co.in,1,192.168.137.14,hey_alexa,6.38573408126831
echo,common,en,co.in,1,192.168.137.14,hey_alexa,6.6864094734191895
echo,common,en,co.in,1,192.168.137.14,hey_alexa,1.352159738540649
echo,common,en,co.in,1,192.168.137.14,hey_alexa,6.9117114543914795
echo,common,en,co.in,1,192.168.137.14,hey_alexa,1.727853298187255
echo,common,en,co.in,1,192.168.137.14,author,2.854631662368774
echo,common,en,co.in,1,192.168.137.14,different,1.1270718574523921
echo,common,en,co.in,1,192.168.137.14,collection,2.028306245803833
echo,common,en,co.in,1,192.168.137.14,answer,2.253990888595581
echo,common,en,co.in,1,192.168.137.14,answers,1.502393245697021
echo,common,en,co.in,1,192.168.137.14,collections,1.276847124099731
echo,common,en,co.in,1,192.168.137.14,ultra,2.930137395858764
echo,common,en,co.in,1,192.168.137.14,winner,2.478926420211792
echo,common,en,co.in,1,192.168.137.14,alex,1.201832294464111
echo,common,en,co.in,1,192.168.137.14,awesome,1.8782873153686521
echo,common,en,co.in,1,192.168.137.14,arthur,1.952990531921386
echo,common,en,co.in,1,192.168.137.14,collectors,1.8780953884124751
echo,common,en,co.in,1,192.168.137.14,lesser,2.929576158523559
echo,common,en,co.in,1,192.168.137.14,lexus,1.502567768096923
echo,common,en,co.in,1,192.168.137.14,tulsa,2.028382301330566
